result-preprocessing,label
anies kampanye suka nyinyir,Negatif
prinsip politik anti pdip jokowi ya anies buka ruang dialog kritik nilai emang orang cerdas sih,Positif
postingan medsos isi hate komen parah td baca tweet anies 2017 komentar kasar banyak fitnah biarpun udh klarifikasi langsung,Negatif
anies gak setir partai oren anies jalan dgn pks emang antum baik citra chanda ya,Netral
njir aja partai orens kena hatred ngeri sih samasama demon kyk anies,Netral
kaum ngeyel anies fitnah kritik sinidipaidho rileks aja bukti dg karya prestasi lhah fakta rakyat tau palagi melek politik kembang hukum indo ngeyel aja,Positif
lihat video fans anies rasyid baswedan,Netral
tau gak parah parah gerombol rubah demokrasi drpd bendera mahkamah konstitusi serasa milik keluarga lu rasa orde jokowi parah orde,Negatif
1 oligarki bentuk pemerintahankekuasaan 01 akomodasi penting modal jelata aniesbubble rawan bukti desak anies kampanye akbar jis ga pakai duit 2,Netral
ya ampun banget komennya temenku barusan calon pimpin jago public speaking bilang pinter ngmong doang yha publik cuman planga plongo hah hoh doang malu2in sumpah emg bener sdm pimpin kyk anies,Negatif
terima kasih buzzer2 jahat 02 demon rohingya jujur sy jg blm tau milih sy ga tau sm rekam jejak anies dulunya jg percaya anies cm bs ngomong gabisa kerja rame isu rohingya akun,Negatif
pro anies ajah mah hasil nya muas dukung 1 paslon gama,Positif
cuman gara gara film ubah pilih pilih cuman anies lg bener aje rugi dongg,Netral
org2 permasalahin belakang anies pks anies jabat gubernur pks ga aneh2 noh 03 pdi ngaco partai cilik tai teriak cilik oposisi doang gilir koalisi pas bijak ga beres diem,Netral
bilang gue dewa anies gue ngutip ya kali gue fanatik buta sampe dewa gue tau beliau politikus ttp aja kurang gue udh buka ruang kecewa utk beliau sampe gk sesuai dg ucap,Positif
anies baik gak pernh dukung paslon 2 menang kalah putar dukung 3,Positif
anies harga hukum salah baca beliau jabat gubernur pemprov dki gugat kait sengketa adil putus pemprov dki salah wajib bayar ganti rugi anies hormat putus adil,Positif
kader partai kpgn gibran anies kunjung solo mampir tp gibran sndiri blg ga ngomongin politik tp ngomongin ttg kembang kota dll ya kyk anies tamu gitu trus y sambut ama gibran tp anies gibran cawapres ga jwbnya,Netral
perempuan mata abah anies perempuan mulia lindung keras perempuan sepele,Positif
h1 guys ayo siap coblos anies prabowo presiden presiden dukung sepenuh hati pilih beda jiwa jiwa pancasila jiwa indonesia,Netral
butuh sosok anies pimpin terus dinasti,Positif
salfok anies jargon kalah tuh emang ya,Netral
amin menang pa anies bawa cak imin sowan diri lengser belio,Netral
orang2 nih kasih standart anies standartnya rosul sahabat2nya mesti 100 sempurna,Netral
bener ya framing muslim ga jalan ama perintah jelek kpk anies pks tuduh talibanekstrimis alas dilengserin,Negatif
anies depan etika ayom hormat rakyat anies debat ubah fakta belaiu hasil rubah dijakarta,Positif
kurang hormat isi acara ngebuktiin massa dateng gak peduli hibur orang tuju ya liat anies cak imin wkwkw tuju capai ya pulang,Positif
ya allah jadi anies baswedan presiden iniaamin,Positif
emang bener pilih gue anies only,Positif
bikin anies menang putar 2 prabowo pk prabowo dateng langsung tempat anies kalah putar,Netral
gaspolkan dukung anies,Positif
insyaallah menang paslon 01 mata besok 14 februari ber1 wujud ubah indonesia lbh coblos nomor urut 1 anies muhaimin,Positif
anies ajal ga tau pimpin dukung nya kena musibah harun bawa bawa debat musibah ga tau,Netral
hadeh 02 saking anies prestasi bingung liat lg imam mahdi eh tau hoax,Positif
salam ubah dukung anies muhaimin gk duku 02 mending kalah,Positif
si gibran pas wawancara bilang tawar pan anies trus berijutnya wartawan konfirm anies inti umur blm masuk mah nurut konstitusi aja besok2nya sebar anies gibran tolak,Netral
balik halhal kreatif anies terimakasih keren,Positif
dukung anies baik sampe kalah sih pilih 03 dri 02,Positif
anies kalah mending dukung aja,Netral
gibran seworth direbutin nunggu2 tawar anies lawak lu,Netral
anies gapernah bilang hasil karya beliau sll bilang hasil karya anak bangsa fakta 100 orang lokal btw situ oot konteks lg bahas bantu sosial,Positif
anies putar pilih,Positif
pilih anies indonesia,Positif
anies kalah yuk dukung deh bagus,Netral
gue rasa skrg ken anies menang sisi gue takut blio presiden coba idupnya gubernur aja fitnah blio udh gilagilaan jegal apa hasil moga baik rakyat anies,Positif
lahh maen framing ahog senggol senggol kitab suci umat islam ngapa anies sasar mah bego nama lempar batu disalahin fix ahoker berat moga tobat,Negatif
anies baswedan aja track recordnya bagus prestasi aku dunia wowo gk prestasi jejak hitam usak lingkung food estate gagal uban hobbynya gak banget gak bagus jadi panutan pimpin negara,Positif
alih anies gak menang prabowo aja,Netral
stori trus backsoundnya mahabarata beliau sengkuni karna mimik muka wajah anies anies wqwqwq,Netral
ya 02 sih mending pilih 03 anies kalah,Netral
testi real gak suka anies ya framing beliau pinter ngomong doang dll libat asa dukung paslon 02 but i realize pake asa gak make sense indo 5 depan cont,Negatif
anies kalah tolong websitenya hapus ya bayar domain nya mahal huhu website,Netral
med dukung 01 mayoritas mas anies hibur mas anis beransgur pulang azan dzuhur,Positif
salah cuplik anies tugas umum berita duka kelas smp latih public speaking tahan hadap orang ngatangatain,Positif
golput kalopunya anies,Positif
wkwkwk gk nyari kurang nyerang narasi basi keluar segitu takut gemetar anies smpe isi istana turun gunung cupuuu banciii antem ngajak2 emak akwkwkw banci,Negatif
anies sebal imin gamau cap gemoysian prabowo subianto nyengir aja liat elektabilitasnya turun kasi banget baby sitter,Negatif
anies hrs sempurna dukung hrs sempurna ttp aja mrk milih laen wkwk,Netral
hubung pemuda pancasila sm anies baswedan pp bikin orba lbh condong prabowo,Netral
kader nasdem ken gibran cawapresnya anies kaya tp anies mah gak,Netral
damn i want to throw the are you fucking blind card to her so bad dekat anies diskriminasi udah mayoritas minoritas wni none above the law hukum pasti amp adil it did translate on his governor era,Positif
untung keluarga gue 1 pilih anies 1 keluarga buyut sampe nene wkwkwk yaa karna orang jakarta si ngerasain gimana program anies hihi loveeee abah,Positif
golput mending pilih anies,Positif
w udh titik gapapa legowo anies kalah this cruel world doesn t deserve him usaha sbnrnya dr udh liat menang siape,Netral
bpjs pulung pikir kesitu ahok program ahok 2016 program abah anies kak,Negatif
mas aja bhs isu mayoritas vs minoritas neng ngotak2in org maksud umat kristen dll jkt baik2 gereja kasi izin zaman anies mangkrak izin bantu operasional kasi jg acara2 agama publik dki izin trs lg,Positif
notice anies bgt pas feb 2020 smstr 3 matkul biostatistika dosen pake data prediksi banding sebar covid jerman milik dki jakarta wktu indo blm resmi diumumin tp dri janfeb dosen dah ngwanti bkl smpe indo blng anies aware bgt,Positif
oh iya mahfud kabinet jokowi oh tidakk foto anies sa jojok menteri ga,Netral
jam dialog anies uas anies cerita beliau remaja uas dengar alam jalan hidup anies bilang jawab tahan dibully latih tenang hujat,Positif
anies dibully salah satu program sumur resap masyarakat jakarta aku dampak baik sumur resap banjir cepat surut,Positif
naah iniii bilang temenku nanya nggak suka si ajudan prab bilang ajudan anies ganteng,Netral
butuh videovideo testimoni kait warga nikmat program dp 0 persen sprti warga kampung aquarium bayam rasa langsung program anies video senjata ampuh lawan fitnah kait topik gusur wktu,Positif
emang politikus malu negeri ubah aja mash nimbrung kabinet dukung pa prabowo aja milih nyebrang anies biar cawapres pa anies aja nyerang pa prabowo debat tiga nyerang orang jadi cagub etik cuy,Negatif
risih deh replyannya warga jakarta kes superior cuman anies menang situ,Netral
calon pk anies rubah pola fikir anak bangsa anda beliau presiden indonesia,Positif
pasang aniesmuhaimin menang pkb,Positif
benerr sepupu kelas 6 sd sibuk all in all in keluarga 01 trus ayah bilang biarin aja bom nyoblos,Netral
akuuu gasuka makan berita milu rajin cari tau 3 paslon temu anies ni minus pribadi,Positif
contoh mahfud md bgitu kritik perintah pa jokowi bliau langsung kluar kabinet tau mash d kabinet sma aja mng kritik inimah pa anies surya paloh ubah kader nasdem jdi kabinet lucu cuy,Negatif
gilir prabowo langsung manut lu emg tobat prabowo gak lu lakuin jg anies,Netral
tipu agung2kan ya si anies baswedan,Negatif
hahh bagus sebelumnyaaaa suka achievement anies jkt,Positif
bissmillah anies 1 putar kalah dukung 02 deh,Positif
gue bkn anies aja ken minggat indo njir,Netral
kayak orang orang ga pilih anies tuh otak kayak udah doktrin gitu ya anies bohong and theyre loud abt that,Negatif
anies ga flexing,Netral
anies 29 januari 2012 djatmiko 25 apr 2019 plagiat bong tolol,Negatif
pra wo wo iniorang maaf penuh syarat fisik amp mental sakit pikun error murtad culik dll tega nya joko menghancuur hidup rakyat tindas amp remuk joko pki untung allah swt kirim anies baswedan,Positif
iya anies sandi udah langsung bikin surat edar bikin statmen si mardani mesti kena fitnah anies bukti anies redam gejolak masyarakat,Positif
doi gak nyoblos,Netral
ci elisa kritik kebijakan2 pa anies gubernur keren ci mantapks partai pilih ci,Netral
anies mobilisasi massa utk hateful masyarakat rentan ya gue protes minoritas stop narasi gin mayoritas stop lagak superior samasama korban polarisasi reda samasama sembuh pelihara,Negatif
ngarepin masuk surga jalur anies sih,Netral
silah anies kaum superior lu deklarasi anti hti fpi khilafah maaf politik identitas main munyudutkan minoritas gua tunggu gua gak bacot lebar mcm gin,Negatif
3 suruh mrk banding anies prabowo jgn ikut jokowi jokowi ga pengaruh apa2 4 warga kampung jakarta even kaum minoritas jakarta harap anies ri1 pimpin ideal,Positif
iya kak inti anies langsung lgbt bilang hakhak pribadi layan negara diskriminasi dengar paslon bicara lgbt,Positif
gila anies lho ngecounter laku ahok on point sampe ahoknya aja kaget longo gt bener bener runut bgt nyampeinnya ga asal,Positif
alfatihah ya allah mu mohon kabul doa ya allah ijinkan anies rasyid baswedan pimpin indonesia indonesia,Positif
yaallah tolong ridhoi lancar anies baswedan presiden ri 2024 kuat kalah curang nyata negri,Positif
90 pilih prabowo 2019 adlh org tdk suka jokowi bkn hebat prabowo 2024 mrs khianat prabowo mk 90 td olh anies buzzer 02 ngotot yakin 02 bhw 90 td ttp prabowo pdhl boong tkg2 survey sbg sumber rezeki,Netral
anies menang ruang kecewa jalan janji janji prabowo menang yaudah ambil nyawa,Netral
gue dukung 02 lihat rekam jejak anies dgn politik identitas sok ceramah anti curang bikin gue ken muntah,Negatif
anies aja,Positif
bbrp poin tekan kak 1 lanjut prabowo jokowi 2 anies hasil bangun jakarta dr dahulu indonesia ga bantu sosial plus loh jakarta sj kjp kjp plus dsb cont,Positif
mudah makzul anies presiden beking partai kuat,Netral
anies fitnah nya bngt ya,Negatif
waduhh sihh mending pilih anies kalah deh 02,Positif
silah anies kaum superior lu deklarasi anti hti fpi khilafah maaf politik identitas main munyudutkan minoritas gua tunggu gua gak bacot lebar mcm gin,Negatif
anies kalah sih gapapa dukung deh 02,Netral
kena label politik identitas menang dukung kelompok islam kanan dukung kelompok prabowo ahy sandiaga prabowo rutin dateng acara reuni 212 orasi panggung tetep label lekat anies,Netral
result oriented udah gitu aja ga suka banget oportunis fansnya ahok transparansi dll anies ngira ngerjain agenda partai gerndra rame pas 212 kerja amp idealis plus konsisten gatau cak imin,Positif
gw tragedi 2019 ulang prabowo gabung kabinet jokowi jgnlah klean bilang anies cap penghianat,Netral
gimana ya anies kalah dukung,Netral
pansos biasa beliau coba gugling anies takziah tugas ppsu benci nafi baik,Positif
anies kalah dukung,Netral
bismillah mari munajat al ikhlas amin allahuma amin abah,Positif
anakanak kenal anies anies ngomong orangorang dekat beliau pakai anies sederhana ga,Positif
beliau ga klaim karya anies sebut anak bangsa masyarakat klaim milik anies beliau meng klaim jis karya beliau,Positif
anies gagal mending support deh 02,Netral
alhamdulillah anies muhaimin unggul prabowo gibran hari2 jelang tenang,Positif
gila komedian samping anies anak pas azan ilang sholat komedian bayar cinta buta pribadi2 lembut anies sandera parpol usaha,Positif
ajar ttg politik ajar latar paslon rekam jejaknyaa yaa brubah januari kemarin 01 kasih sempat anies pimpin negara tdk menang udh suara sesuai hati,Positif
ya udah anies kalah yuk dukung aja 02,Netral
hati kotor fakta jis bersih dukung abah anies,Positif
gw ini bantah bilang anies ken gibran maju tp org 02 bilang noh buktinyaa anies pen givrqn majuu ituu lg nolakkk egeeee tolil bgttt,Negatif
tahu langsung bkin kek gin counter wkwkw udah tahu banget main,Negatif
ya dukung anies bela promosi film sederhana,Positif
anies kalah mari dukung penuh wujud ubah positif,Netral
anies si punipu ulung asli intoleran radikal pitik identitas merek lekat anies sipenipu ulung,Negatif
jawab kyk anies muter2 biar wkwkwkw uda,Negatif
gimana dr td komennya tuju ada wise liat gub tdk bela bubar tau anies rangkul sikap tdk benar,Positif
entar tuh ngalahin anies,Netral
anies kalah mari dukung kuat integritas transparansi,Netral
takut indonesia filipina pilih pilih anies kalah putar,Netral
sampe anies kalah sih gak dukung 02 dukung 03,Netral
alas masyarakat pilih anies,Positif
ak jujur emg gtau byk ttg politik mas kubu belah tp pindah kerja jkt ngerasa bgt bantu pake jaklingko pagi rush hour sen gojek aja rush hour susah ampun bru tau jakling anies,Positif
skeptis isu politik identitas ngeliat beliau warna fresh milu program desak anies apa pilih presiden moga baik indonesia,Positif
anies kalah momentum satu dukung,Netral
seriuus prabowo amp gibran tangkap alhamdulillaaah moga rakyat indonesia sejahtera amp makmuur amp tentram amin no 1 anies rasyied baswedan cucu rasulallah pimpin klas dunia pahlawan rakyat indonesia,Positif
dukung anies sampe kalah mending dukung no 3 aja,Netral
buset dah arogan and senantangin bahasa kaum all in gemay gemoy,Negatif
persis didu persis anies ente puja puja,Negatif
bangun temanteman anies bubble,Positif
si cooonie aja pindah dr nasdem pdip nasdem usung anies eeeh dukung 01 puji puji si connie gak nih,Netral
fakta data cuman ban bacot doang bilang nenek gua,Negatif
ttp anies,Positif
anies lanjut putar pilih pilih wowo,Netral
gue bkn org jkt liat anies berita amp sosmed aja bnyk berita jelek nya kyk wajar aja emg jabat berita jelek nya banyak penasaran pas kroscek2 lbh bnyk berita hoax kerja bagus pindah 01,Positif
versi simplenya kek gin kali ya gak tuh bocah umur cawapres kek anies kudu lugas deh buzzer 02 tukang fitnah plintir plintir kalimat orang,Negatif
balik ss pilih anies thread tetep aje islamophobic muncul hasil goreng rezim ngeri,Negatif
adem lihat jaga bukti abah rajut tenun bangsa jaga kebhinekaan indonesia berbedabeda jua rukun adil makmur,Positif
anies kalah peluang dukung,Netral
kesan paham video anies kuliah etika moral,Positif
pilih anies kalah dukung pilih dukung,Netral
berita anies bilang syarat cawapres atas 40 ngomongin namanama sesuai konstitusi berita pas silaturahmi gibran jawab gibran sibuk sbg walikota alias tolak halus ga ngerti,Netral
putar anies kalah wowo gk,Netral
anies gak diem aja politik identitas jabat gubernur minim publikasi berita beliau sebar surat gejolak masyarakat reda,Positif
yaelah bawa syahadat 4x nyapres bawa agama standar ganda cuy gilira anies aja dikatain politik identitas,Negatif
gw udh apatis gegara liat ps pindah belah udh rencana golput aja debat ke2 ke3 gw nemu podcast cing abdel nntn potong desak anies pas sammy nanya dr situ gw ngerasa jalan sm visi misi 01,Positif
pilih pimpin inkonsisten nomor 2 pilih bela rakyat anies anies kalah jegal kuy,Netral
dukung penuh aniesnamun kalah putar dukung paslon 03,Netral
anies kalah mari lihat dukung,Netral
banyakin baca sblm nuduh gub dki anies udah layat warga nya pasu orange korban rusuh angkat keranda nya udah ga gubernur anies ngelayat org pdip nyinyirin kerja anies,Positif
jumpa tagih anies insyaallah mbak,Netral
lancar hamba cari data informasi ngebales tuduh bilang temenku anies yaallah,Positif
counter gue ngejelasin anies gue bilang prestasi jakarta anies jabat kakak gak tinggal jakarta ya dapat org2 emang d jakarta invalid gt,Positif
visi misi bagus karna visi misi bagus rekam jejak w putus pilih anies,Positif
anies kalah dukung,Netral
presiden keluarga harmonis bikin keluarga ken bareng ngurus negara anakanaknya kualitas kek anies gue mah ga jokowi anak jeblok kek parah gue ga relaaa,Negatif
anies kalah dukung 02 stabil maju indonesia,Netral
ga pake syarat nego apa makany connie ga berani anies,Positif
foto anies ketua mk tentu cawapres,Netral
tipikal pndukung 02 udh gk ad bhn psti nyebut politik identitas laku anies emg gak debat sih org isi fakta capres amp cawapresmu jelek,Negatif
inger berita artikel anies gubernur narsumnya ga wakil dr pemda ya dprd kontra banget banyak dprd pdi psi,Netral
iya novel sepupu anies anak salim baswedan novel muda 8 anies,Netral
anies kalah putar pilih ngapain pilih prabowo,Netral
emg bgtu kk main ny anies pnya gudang pnghrgaan dr kpk aja ttp d blg pororo nggak prnah d pnggil kpk silah pelihara goblok,Positif
w mah yoel salah voters anies niat baca threadnya promo anies gereja usaha w aja kagak gt2 wqwq w posting2 ig story udah kelar lolos putar 2 w repost onoh menang 1 putar ya lillahitaala,Positif
tenang anies silaturahmi aa gym jamaah darut tauhid,Netral
putar anies kalah ga dukung prabowo,Netral
idih ngaca bwa2 agama sok tau bnget blng anies politik identitas pdhl junjung dalang dri ahok aja penjara kn krna presiden 212 kn dalang capresmu mbak minimal ngaca,Negatif
kampanye pas tenang bangga paling politik identitas si anies,Negatif
wakakakak bjirrr bleh suara km gx abah anies,Negatif
silah liat temu lobi belah anies,Netral
lucu sulut ajh kampanye anies udah kayak psyandu sok tau lu dekgw org slut hampr ngakak sma survey dungu lu,Negatif
makan halusinasi anies gubernur prabroro dasar kampret palsu,Negatif
01 anies maju apa masalah apa laahh hmmmm,Positif
alas sederhana pilih anies gak pimpin hasil nepotisme,Positif
mampu anies unggul beliau cerdas amanah wibawa santun toleran golong umur pas uzur bocil otak ngak porno dll,Positif
nih tambahin dinda hauw artis sinetron dg suami rey mbayang pilih anies,Positif
sabar bang anies menang angkat stafsus minimal ganti motor,Netral
nostalgia samaa pilkada gk sih dku anies jg gadang keok lg lawan raksasa ahok beking perintah ahy jg partai tp liat kuasa allah nyata anies menang putar 2,Positif
anies sabar banget ya nahan fitnah tahun,Positif
alas bodoh bilang anies jabat beda 5 menhan main uang negara hati busuk lihat buruk,Negatif
anies fitnah ken nang kuat bgt beliau,Positif
sebenernya liat pas calon gua tau menang nya nasdem kader gak tuju tambah paloh set hati dukung aniestapi gua denger anies garis tangan bagus gua ngerasa,Positif
dihhhh sori yeee 10 udah support mas anies konvensi pd udah kagum,Positif
orang berkontestasi jelek nya ahok gaya nasihat anies gub ya beginibegitu kek rubah nama jalan rs konsep air masuk tanahsupaya fresh from the oven karya anies,Netral
survei asing prediksi hasil pilpres aniesprabowoganjar,Netral
ngerti mksud bang,Netral
ngerti anies syndrome perfect person rugi kind person gak masak kritik bargaining etc hidup prinsip utama honesty and transparancy tuntut sempurna nyari gak,Negatif
warna orange jis kampanye akbar anies muhaimin 3 warna pks dukung anies pakai baiu timnas belanda kursi kosong,Netral
orang pilih orang orang cerdas pilih cerdas anies org anies orang cerdas tanya orang org cerdas indonesia tunggu putus hendak alloh swt tuhan yme ikhtiar doa,Positif
iya bener kaaak dukung anies nyebelinnnn semuaaaaaaaaaa tuju banget sayaaaaaaaaaa say no to pks say no to fpi say no to hrs mari pilih pimpin dasar dukung 01 dukung jelek ayo lari 0203 dukung hebat2,Negatif
ganteng staff nya anies mas gian anjay,Netral
tetep pilih pimpin dasar rekam jejak yaa pilih anies dukung ps rugi,Positif
iya terima kasih ilmu udah nancep kepala anies,Positif
coba baca kaya ga jatuhin pks itu pikir pks pks ga nyetir anies,Netral
ya allah tolong derita pimpin prabowo tolong kasih dukung fitnah abah anies ikut,Negatif
menang ga menang inti hormat baris ubah ajar nonton desak anies debat kadin terimakasih,Positif
bingungantara anies sm2 plus minus nya bgt mikirin tp trus move on ngeliat cawapresnya trus liat tabrak prof nya mahfud mikir kek nya hrs 03 mahfud ngerti hukum ga negara bs tata lbh,Netral
salah masterpiece dukung anies,Positif
bener pesona anies euyy yuk amin aja kalah juang amin lanjut yah say no to nomor pokok,Positif
jahat banget sumpah karakter anies bunuh,Negatif
keren suka aniess portofolio,Positif
one time pilkada dki kaji ust firanda kaji minggu tabligh akbar macam besok dapet kabar group anies hadir ruang pisah foto beliau ga nunjukkin,Positif
anies gibran tunggu tawar anies cek ga bilang tuh pas cek atur mk ga muncul dah tuh video anies nolak atur mk ga memungkinkangitu aja ga ngerti lo bang,Netral
pilih hati anies insyaallah harap wujud beliau kalah putar harap ono yahh,Positif
haelahh kasih data fakta ngebantahnya cuman bacot doang bilang salah fitnah hoax nenek gua goblokkk,Negatif
benci marah tspi pilih 01 anies muhaimin,Positif
aniscak imin jakarta prabowo bogor gibran solo semarang prof mpur semarang ya ambonmaaf caleg capres milu 2024 lokasi nyoblos aniesmuhaimin prabowo gibran ganjarmahfud,Netral
inti khawatir partai dukung anies legislatif coblos lawan pilih 01 tp legislatif milih pdip,Netral
anies beda duit negara duit penting masyarakat penting golong usung,Positif
good job team tau ecopark gede ituu pantesan jalan gak nemu ujung nya keren bgt ya anies bangun masyarakat,Positif
rakyat anies kalah juang suara gak beri 02,Positif
dukung anies pilih utama visi komitmennyanamun anies hasil dukung pilih tolak dukung prabowo khawatir potensi curang,Positif
cina sutra dara percaya takdir allah swt tentang allah swt sayaang rakyat indonesia bukti nya allah swt kirim pahlawan rakyat nama anies rasyied baswedan cucu rasulallah,Positif
kayak alam jakarta mba rajin mrt aja ketemu lusin kayak sebut alam ya pakai last name bapak alam pranowo mutiara baswedan bener mutiara anies,Netral
putar utk prabowo prabowo tdk putar langsung keok putar anies amp,Netral
anies putar,Netral
prinsip sih anies kalah dukung anti prabowo,Netral
tanda anies kuat bngat lapang reel medsos kejut tgl 14 feb anis pimpin oleh suara,Positif
dgn sgala prestasi p anies gubernur apakh kluarga kakak nggk mngapresaisix hngga lbh mbdukung silver fox atw maaf just my opinion mngkn nggk suka aja atw krna agama maaf skali lg,Positif
koh smpek bgibarin bendera putih bener benerrrr fitnah anies biasaaaaaaa gk tau lagi musti gmna,Negatif
sampe dapet hikmah cinta anies amp bu ferry dapet hikmah cinta habibie amp bu ainun,Netral
hindar debat pragib siap dukung ganjarmahfud aniesmuhaimin lolos,Netral
era pbb 100 terimakasih anies paham harga jasa pahlawan bangsa,Positif
ya 01 makane nonton vidio desak anies,Netral
dunia gelap anies sinar terang pandu,Positif
lu kek gin udah nemu pilih potensial ya elu benci anies fanatik paslon jelek,Negatif
anies nafas aja dah salah w mah,Negatif
ga apple to apple sbenernya anies kader partai,Netral
anies jembatan emas hubung gemilang,Positif
fakta emang gue liat pilgub ahok salah picu amarah muslim lawan anies anies seolaholah idola,Netral
bikin yaseen 41 kampung doa banget anies menang karna satu bikin anies menang cuman kuasa allah curang terang2an,Positif
trrkait politik identitas baru gw salah benci sm anies,Positif
mari bersamasama peluk harap sapa pagi cerah anies,Positif
kampanye malaikat jibril anies samping cengengesan aja si imin bilang gak coblos 01 nu an nya adzan 4 arah kampanye masjid politik identitas,Negatif
anies jago jago narasi jago gagas tp nol kerja angin gak ktp nya air suruh parkir,Negatif
politik identitas semat anies sampe gin ya bunuh karakter dapet banget kl ngeliat orang banyak twitter percaya,Negatif
juang ubah sisa 1 jelang coblos mari dekat kpd allah swt doa pasang capres cawapres anies baswedan amp gus muhaimin iskandar pilih sbg presiden amp wakil presiden ri 2024 2029,Positif
pilih anies krna gak orang rusak demokrasi 1998 tumbang orba gak krna bayi tp 2024 gak hidup orba 20,Positif
tolak aja pragib siap sambut pilih ganjarmahfud aniesmuhaimin menang pilih,Netral
nonsupporter anies lbh sewot sentimen agama anies mah dukung amp masuk dukung santai2 bae,Netral
cahaya berani anies bintang sari langit malam,Positif
guys ak bahas politik becanda yh ngeroasting mas anies beneran gelut yuk ak dukung 02,Negatif
yakali gin dukung prabowo rugi donkk mending kayak anies aja,Positif
link nya debat ama dukung anies 3 lucu film netral aja fraksi pekaes ama pe de i pe wkwk video salam 4 jari wkwkw kerja kelompok nih ye,Netral
tweet 2012 video jadul anies skrg konsisten dg ucap tindak,Positif
komitmen anies juang hakhak rakyat peduli adil sosial,Positif
anies rajut impi bangun kota sejahtera,Positif
pas sibuk gw blm ngulik lbh gw bener2 pukau sm anies nonton video jelasin jaklingko mnrt gw mampu retorika leadership buaguss bgt baca2 deh tuduh hoax ttg,Positif
muslim ikhtiar dlu kak serah hasil sang maha kuasa anies cak imin ikhtiar kampanye sisa tinggal serah takdir tinggal kencang doa pimpin dzalim,Positif
gue tu kadang sedih liat anies beliau tuntut sempurna 100 sm dukung sm hattersnya salah ngomong aja uhhh goreng sampe gosong,Negatif
coba nonton desak anies sikap beliau kelompok rentan,Positif
anies kalah gabung rekonsiliasi menteri allah ngapain politik muamalah gak hub ibadah dukung oi ngerti ginian orang kampanye undang malaikat jibril,Netral
ayuk tumbang rezim anies curang kalah juang,Netral
minggu debat pilpres tuh gak tau manusia nama anies baswedan sih tibatiba nyapres debat wapres senang ngikutin twit gibran hahah iya 02 harga mati,Netral
asli buat orang bilang anies ngena energi positif nyampe sini,Positif
latar hidup anies bawa bunga jaya,Positif
gue minoritas aja muak politik identitas disalahin anies emg paslon udah aman damai masalah kelompok udah dibubarin elu mah emg benci anies tot pelihara aja tuh sakit jelek sampe kena karma,Negatif
anies pimpin visioner tanggung bangsa,Positif
wkkwkw pdhl ajudan mending ajudan anies,Netral
rame jis sampe anies kalah mending dukung 03 aja,Netral
gue liat anies tuh kaya harap org miskin kaya gue gue ga butuh bantu sosial gue ga butuh dikasihanin gue butuh sempat maju banding bantu sosial harga sembako murah umr naik bantu gue,Positif
jalan penuh ranjau anies bawa peta aman,Positif
anies menang 1 putar,Positif
sih pilih satu anies kalah ogah bgt pilih prabowo,Netral
mari jadi anies panutan bimbing cemerlang,Positif
anies jelek mata politik mah elu makan framing media fitnah wkwkw coba telusur suka beliau kerja sorot media,Positif
hah beliau udah begins nanggung beban anies detik beneran anjing sih,Negatif
anies pilih kalah ya gas yakali pilih prabowo,Netral
pilih amanah anies bukti ambisi gagal nyampres kali hihi kalah ganajr program konkrit indonesia,Positif
sisa anies kalah bawa mana indonesia prabowo menang,Netral
hahahahah mkmkmk ktnya anies ngebet gibran anies aja woeee mmg mkmkmk,Netral
ngakak om bowo uda tua gin yah cari pimpin sehat anies aja anies kalah yah,Netral
anies tembus angkasa wujud impi,Positif
mas anies tuduh beliaubsangat sabar,Positif
no prabowo larang ajak si aniesgak bener kerja etika zonk,Negatif
kali suka anies debat pilkada gentle hidung ahok depan orang langsung kuliah ahok kebhinekaan tunjukin ahok bikin wifi nama kafir bilang sumber mulut ahok jaga,Positif
mari bersamasama bangun kota anies tonggak,Positif
mah ogah pilih pimpin omong gak konsisten kayak prabowo kaca beliau anies aja yuk kalah putar 02 aja,Positif
ya knp hrs anies aja ga celah salah mbakcalon salah banyaktp diem2 ajudah adem kita2kmu nyulutin api,Netral
jalan lawan mari menang 01 pa anies gus muhaimin,Positif
riuh tarung anies bawa bendera adil,Positif
aja anies dah garis bawah simpul ya beliau gak calon wakil tabrak hukum eh eh lindung bilang anies nawarin gak ditawarin pasang ekhem jiiiaaakkhhhh cari fakta,Netral
buset nyalon presiden anies dukung basi banget nyari salah anies liat dr dukung kaya dukung paslon jiwa malaikat aja,Netral
anies ngomong bener2 bikin gue nyimak tenang cakepp bener bawa pilih orang beradabampberilmu ya giniiii,Positif
anies gak enak aja ngomong nolak wartawan hes just being polite,Netral
paslon pdhl udh ngerendahin jurnalis ngerendahin perempuan ngomong kasar aja dimaafin gilir anies orang2 pasang standar langit kelatahhan dukung mjd alas ngehate sdgkn anggap wajar,Negatif
pagi w udah nang lrt ya allah sungguh rugi indonesia anies ga pimpin negara,Positif
hubung gue bkn timnas amin gue promosiin website keren abah tau aniesrekam jejak tau informasi putar fakta hoax amin udh 100 hoax fakta bahas,Positif
lucu ya lihat fakta anies intoleran mkmkmk,Netral
anies presiden saran uu ubah kali uu kpk ya uu milu th 2017 jadi presiden netral,Netral
mas udh bilang mas anies langgar konstitusi mas gibran harap anies gubris,Netral
mudah2an anies menang,Positif
stress anies mah non partai nasdem pks pkb mah partai usung doang lu tau golkar usung paslon no,Netral
thankiss so much tim minies udah ngeramein milu dg tawar fun tp edukatif kreatifitas kelen bangga ndak personal anies tp luas sehat sejahtera mulia orang2 kreatif,Positif
anies anies live tiktok tuh,Netral
orang2 ribet anies nuntut sempurna segala sisi sampe lupa capres jelek jelek jelek ga ngasih ruang diskusi saking takut liat jelek,Negatif
bismillaah insya allah anies muhaimin menang pilpres 2024,Positif
gak milih oengen anies menang yaallah,Positif
dirty dukung anies ekekekek,Negatif
kynya emang program kerja ngapusin legacy anies orang lupa legacynya bs ngaruhin suara anies udh struktur sistematis,Negatif
honestly i dont think anies will win milu kali bangsa pimpin beliau too good to be true for us maybe sempat,Negatif
anies prabowo main politik identitas lu gimana fakta data bukti cuman nyiapkn syarat cawapres bukti cawapres erik yusril,Netral
bandingin fatherness prabs deng anies tidam apple to apple bawa2 anak prabs ayah kuat prabs posisi sbg anak sy hebat didit prestasi keti isi hati dn otak km sampah,Negatif
bagus uu kpk sah kpk penthung jokowi mukul lawanlawan politik romi plate tau mbalelo siapsiap kena ngancem habis milu anies imin masuk penjara,Negatif
banding 02 bijak rasionalisasi amp paham hak warga utk tau rasionalisasi diskusi dgn pakar hasil ya kebijakan2nya gak rusak banding 03 rekam jejak bersih amp konsisten anies konsisten bela penting rakyat wadas vs reklamasi pik,Positif
cieeee mahakarya anies rusak dukung,Negatif
extrajudicial killing tp korban muslim gak apa2 gak bela muslim ngotot jelek anies dgn politik identitas tp tutup mata dgn kejam aparat thd saudara jahat,Negatif
perbedaanya prabowo anies,Netral
fitnah intoleran murtad sama skrng anak blm pakai jilbab goreng sadar gak sih fitnah kontradiktif bgt anak blm pake jilbab aja tuduh intoleran ngeri bgt benci babi buta diapain sih anies,Negatif
masyaalloh anies rangkul beda mazhab hormat,Positif
bayangin aja gue detikdetik bimbang pilih anies prab,Netral
bismillah anies presiden,Positif
pilih anies kalah orang langgar,Netral
piara si anies tolol tolol sih podcast ttng ajg cuman deeptalk lu bandingin film kliping milu gararelo anying warga twitter,Negatif
insya allah tadz ubah anies menang 1 putar,Positif
nyalon presiden anies gw nyoblos degdegan,Positif
ya allah moga anies menang,Positif
bocil tulul main tiktok aja lu orang kayak lu dukung anies bikin malu aja,Negatif
program kayak anies 02,Positif
gw pas anies menang gubernur jkt emang gw nyalahin milih kagak protes bijak aja kzl sm hasil kerja life goes on kid take it or leave it ga suka pindah negara aja,Netral
move on anies ngikutin boxing faisal tirta vs faisal iraq,Netral
lahh emang anies nya nganggep al mahdi,Netral
min dukung bego gin emng lo ga buzzer org otak pengaruh fyp tiktok bebal teman kantor gue milih sitengah karna senyum anies curiga lgi nyebarin isu hoax dri potong tiktok gue counter msih bebal aja,Negatif
hadehh udh baik mahh paslon amin pilih buruk banding sasar utama anies gagal,Netral
ya allah dibangunin sm ibuk ayo tunggu tunggukok ga semangat coblos anies w kemarin tidur jm 1 abis nugasssss,Positif
pagi2 udh ovt anies menang ya,Netral
ya gak sampe layar gede sih blok,Netral
bismillaah in shaa allaah anies rasyid baswedan abdul muhaimin iskandar pasang presiden wakil presiden ri 8 periode 20242029 aamiin,Positif
maksimakan suara anies yah juang yah ps aja,Netral
tau anies nonton aot,Netral
anies pecat mendikbud 30k orang likes gatau fakta,Netral
pilih anies dukung coblos prabowo,Netral
lokasi tps anies prabowo nyoblos,Netral
prabowo ngangkat anies kocak lu 2 jam daftar kpu aja prabowo bun tuju anies cagub mau sandi cagub anies direkomendasiin sandi prabowo wkakakaka,Netral
anies sengkuni terus amin rais,Negatif
beliau akademisi jabat pinang partai anies politis,Netral
rajin ibadah tong,Netral
anies komplit geng serba salah gak ngapangapain,Negatif
fokus jamin anies menang sampe kalah sih dukung aja,Netral
mudah2an rencana anies buka kampung haji laksana,Positif
mumpuni udah anies putar sampe anies kalah mending bralig,Positif
allah ken banget ngerasain pimpin anies,Positif
anies menang gw janji lanjutin exercise ielts gw bengkalai mohon hamba semangat hidup tuhan,Positif
total suara diinput xxx suara suara anies digandain ga bener ajee untung,Negatif
prabowo menang sy anies ttp orang baik,Positif
lucuukkkk andalihat noh jakarta pas pimpin aniesapa kau sangka,Netral
merrka masuk tp nya anies tolak masuk,Netral
2 org pake merah putih aka pranowo sisa blm liat harap anies menang gpp si orba menang,Netral
anies baswedan bodoh mata,Negatif
eh pacar anies nggak menang putar bijak tuh pindah dukung ngeyel 02 gak percaya,Netral
lucu banget anjir naruh label politisasi agama zionis anies paragraf wkwkwk,Negatif
prabowo bakti n juang bangsa n negara zaman anies n jadibisa apao rambat n rangkak yasedangkan anies embrio ya,Negatif
anies ajak ngobrol dengar keluh,Positif
naik depan pilih pilih anies baswedan,Netral
nih bro anies kandas putar solusi ya cari damping oke dukung,Netral
magelang amin menang,Positif
menang nih pede menang orang pintar anies gabung golong kau dasar bodoh,Negatif
malam orang udah resmi presidenwapres lu kejang2 ya,Netral
rumah udah fix 01 buka youtube nontoninnya anies mulu adek gw umur 27 amp juang loker nyambi kurir neng bgt nontonin video prabs tiktok pake bgm musik sedihsedih udah dibilangin ngeyel susah,Netral
sy bukti tps utk coblos no 1 amin inshaaallah menang aamiin ya rabbal aalamiin,Positif
bkn dukung capres mana py wajib amptanggung pilih pimpin sy pilih gama putar lolos mas anies sy pilih prabocor titik,Netral
yaelah typo dikit aja lu permasalahin gilir cawapres jalur nepotisme elu tepok tangan bain mati mati rada2 emang,Negatif
antusias 01 aja gak 100 dapat 01 bandingin ke3nya turut 01 unggul bilang anies sempurna gak pilih,Positif
anies pilih baik sih kalah ya gmn mending timbang prabowo,Netral
wkakakak ni gue temenan dukung anies,Netral
serang fajar ambil duit karna duit jg coblos pks partai usung anies,Netral
jauhjauh kampanye akbar film rilis ane udah mantepin hati 01 kepincut garagara desak anies bismillah,Positif
no1 anies rasyid baswedan amp a muhaimin iskandar,Positif
kanye dukung anies,Netral
udah liat bukti anies ogah sampe terangterangan,Netral
testimoni kerja bareng abah anies cc,Positif
anies siapsiap nyoblos subuh potong tumpeng,Netral
allah nyoblos tbtb ibu2 samping gw cerita pagi jg blio ganti pilih pres 01 02 grgr si anies tahan kpk,Negatif
salah anies,Negatif
ga pilih sok gemoy sih pilihmah realistis kaya anies kalah ya,Positif
wkwk ga balik nih bang lo liat deh partai usung anies,Netral
anies indonesia maju sampe kalah sih dukung aja,Positif
baju putih abah anies sanak,Netral
jokowi udh 10th ngasih bangun aja ga lo liat cuil omong lo percaya bekas ga tara jkt aja lo tantrum jdnya kl wilayah ga maju jkt era anies kl pilih pilih bagus tp cerna program makesense tuh,Netral
maaf tp anies baswedan surabaya ya,Netral
bismillah nomor hiji kab bogor,Positif
negara sejahtera ala anies baswedan,Positif
jelang coblos anies awal salat subuh jamaah bareng keluarga,Netral
lg gibahin kaka tom lembong anies gitu cak gibah sarang dosa cak imin kayak ngeles anies senyum2 aja biar cak imin neng,Netral
pilih nyata kerja nya gak anies ya,Positif
percaya anies pimpin 02 udh era nya,Positif
no mending anies menang trus gw ledekin fitnah beliau smbil pamer bijak briliant beliau,Positif
insyaallah insyaallah anies presiden,Positif
anies baswedan anak muda impi indonesia,Positif
bissmillah anies sampe kalah mending dukung aja 02,Positif
dear pa presiden sy khawatir ga nemu sosok kyk lg tp sy mantap hati pilih pa anies beliau pribadi sm beliau dgn rakyat sy projo sehat terimakasih my presiden,Positif
anies pilih kalah ya gas yakali pilih prabowo,Netral
gue gapeduli lu bain anies segimana gede lu bain indah ya lu tolol,Negatif
awas aja anies baca tweetmu pikir album pukul kau sol,Netral
mak lo dukung 02 lu bilang tolol ya lo udh hasut keluarga lo utk dukung anies gtu bgt si wkwk,Negatif
moga anies baswedan cak imin presiden 2024 depan aamiin,Positif
lha sodara ustadzah ngajar pesantren aja getol jelek2in anies dekat agama kasih tau sisi anies agama tp tetep aja buta ibu2 aji masjid blm ngomong apa2 dah buka omong duluan anies ngomong tok cenah,Negatif
pilih abah anies kalah bsa option sih dr,Positif
coblos cucu diri nu 2 putar aniesmuhaimin lolos,Positif
simak diskusi captain timnas aniesmuhaimin m syaugi ketua tim kampanye prabowo gibran ros roeslani ketua tim menang ganjarmahfud arsjad rasjid sekjen partai koalisi spesial milu pilih rakyat menang hormat rabu 14,Netral
kasih dukung pilih anies putar sampe kalah ya dukung,Positif
gaa trs lahh anies menang 1 putar kalah pilih pranowo gak ps,Positif
anies doang cak imin kagak nich wkwkwkwk,Netral
sy pilih anies muhaimin nalar,Positif
laku kali anies presiden 2024,Netral
kampanye jis paslon 01 anies muhaimin amin membludak bukti antusias masyarakat suara ubah,Positif
gak ah anies kalah ntar nang ya dukung prabowo,Netral
paslon 03 aja deh anies kalah putar,Netral
margahayu raya bandung,Positif
gak banget jawab kayak gin kayak gin pimpin ogahhh ogahhh anies kalah beliau ita serah yah putar,Negatif
beras mahal langka mas aja bacotin ginian mulu dah dibilangin ga bukti zaman anies masiii aja,Negatif
wkwkwkwk jgn knp sy g pilih anies,Negatif
emang anies ngapain deh kocak lu lapor lapor mulu,Negatif
makan sih anies singgung rekam jejak emang pengaruh kait bijak,Netral
eh btw tiktok rame bgt live pagi2 banjir jakarta dgn narasi nyalahin anies,Negatif
anies keluarga nyoblos tps 060 lebak bulus,Netral
anies lahh menang kalah pro,Positif
prabowo anies sandar tinjau dapat minggu prabowo oleh 50 atus undi gus boleh menang pusing,Netral
kritik anies sampe seakan2 kedip aja salah mata gue,Negatif
bismillah ya allah,Positif
best sih anies ya paslonnya tpi sampe kalah dukung 03 aja deh,Positif
puan anies gibran cawapres,Netral
14 februari 2024 teman rintik hujan optimis abah awal subuh serang close the door tidur bobo coblos dirty vote santri,Netral
habis energi utk edukasi si anies program indonesia ajar lelah yoo tim nya utk edukasi gerbong buzzerrp,Netral
haji madani sedia gubernur anies bikin aji subuh jakarta stadion jis beliau ketua aji subuh jaksel depok sayang tunda pandemi dll rasa pilih amin dpd nya ya pilih beliau,Netral
laku anies presiden 2024,Netral
insya alloh amiin presiden for indonesia 2024 anies baswedan is the best 2024 ammiinn,Positif
mari pilih anies hasil putar pilih 02,Netral
anies cak imin,Positif
kreatif banget bjir anies khan wkwk ngakak tapi baguss aja ide nya,Positif
pro anies muhaimin jamin yok dukung,Positif
plot twistsnya anies menang 1 putar,Positif
jatim,Positif
emang bener anies sih sampe kalah sih dukung paslonnya 03,Positif
butuh pimpin kerja,Positif
pilih anies ya putar tenang putar 02,Netral
anies menang semangat usaha keras 5 teman teman as a freshgraduate politik,Positif
anies sih kalah better tuh,Positif
klakuan anies gubernur karna gak sorot media aja hamble peduli ampe kalang rakyat gak heran berita,Positif
bkn islami tp anies pny aura positif nganggep rekan kerja tara duduk support anies tipe orang alfa dominasi cak imin jg pny panggung sbgai cawapres,Positif
gue bilang anies cm janji manis ntu org2 dr jkt wkwkwkwkkwkwk gapernah maen jkt cm makan farming tiktok,Negatif
putar mari teken anies gak menang putar pilih 02,Netral
jelang mungut suara pilpres 2024 capres nomor urut 1 anies baswedan coblos tps 60 lebak bulus jakarta selatan rabu 142 pagi ard,Netral
tolong tkn laporin bang sandi neeh kasih note positif anies muhaimin dll berani gajangan bacot lapor lawan banci,Negatif
today is the day insya allah with all the power and grace of allah masyarakat indonesia pimpin hebat nazzar anies cak imin menang snack anak anak rumah,Positif
putar pilih anies putar pilih 02 masuk,Netral
gue aja nonton vid anies wawancara wartawan blio dilaporin bawaslu asli gue blio uda cape bgt anjir,Netral
amin indonesia ubah 2024 anies presiden,Positif
tetep pro anies harap maaf gk milih 02,Netral
salam ubah,Positif
dukung mas anies mantan die hardnya gemoy politik nalar logika sih,Netral
anies sbg umat islam bilang agamais politik identitas anies ngeresmiin gereja gereja tuduh udh baptis yohanes gue ya anies jan diem diem aja napa kali teriak anjiiiinggg,Netral
moga pilih baik allah abah anies tp ga gpp deh,Positif
yuk putar pilih anies jalan putar 02 pilih,Netral
hahaha bohong video prabowo pilih kerja malaysia bilang video nama anies hoax nama prabowo gaung tkitkw pro prabowo karna bantu,Netral
ss tunjukin pimpin anies udah habis ngeles sampe udah ya gak bahas politik,Netral
suka dukung anies bgini adem,Positif
pilih anies ya putar tenang putar 02,Netral
anies satusatunya politis gak pegang parpol karir politik nya ajaib dobrak hegemoni,Positif
nangiss bgt bnr2 love language kyk nya borong anies tp heran nya msh ajh org2 percaya video fitnah tuju beliau,Positif
ga suka dukung 01 khusus bar2 kek anjing bangsat bgt si panita surga cuihhh ga wakil partai pks tp insyaallah karna hati nurani pilih pa anies,Positif
alas papa pilih no 3 bantu tetangga mahfud alas mama pilih no 1 njelasin az tetangga mama pas anies semangat tetangga2ku,Netral
putar mari teken anies gak menang putar pilih 02,Netral
real bikin tiktok ttg buku direkommendasiin anies pake bahasa inggris komennya adem bebas all in all in mayan fyp pdhl,Positif
ya allah bantu anies baswedan presiden aamiin,Positif
putar pilih anies putar pilih 02 masuk,Netral
insyaallah,Positif
pilih 01 presiden bp anies rasyid baswedan wapresnya bp muhaimin iskandar,Positif
malem ngomong gin ayah anies deg degan ga ya besok ayah ya engga udah bagus kampanye kemaren udah pasrah kasih baik engga ngincer anies indo,Positif
terang pilpres kali sy bayang deg2an beda dng pilpres2 sblmnya benak muncul khawatir 01 kalahgagal putar ke2 bgmn sakit asa moga aniesimin lapang usaha2nya menang pilpres deg2an bahagia,Positif
panik berat anies lapor,Netral
lanjutin acara desak anies gt tagih anies,Netral
ya aneh bgt ya knp prabowo wakil mega anies dlu jubir jokowi loh tim menang mega prabowo jg jokowi gak ngaruh alam kerja mrk orng orng profesional bidang,Netral
milu anies menang,Positif
putar mari dukung anies putar pilih pilih 02 ya,Netral
jam 0430 subuh dadak hujan gerimis tp lumayan awet nih tenang ttp semangt tps ditujuyuk ah abah anies subuh tps,Netral
lucu mereka2 ngaku intelek suka gaya doi kek gt madam curiga apa pesan dr anies nih ga sampe dukung,Negatif
mama anies sj pilih liat ubah angjay mama kuu jiy,Positif
anies menang sampe kalah dukung,Positif
ya allah moga coblos anies,Positif
anies jg g,Netral
sebutnamapls,Netral
knp pilih anies gw aja karna gw gemoy,Positif
tenang anies tuh tukang culik kayak wowo,Netral
ungkap dlm debat capres anies anies asal,Netral
demokrasi beda nilai suara kaum didik rendah,Netral
moga alloh menang pasang amin,Positif
baik ya anies sampe kalah sih bagus,Positif
alhamdulillah warga negara indonesia hak konstitusional pilpres 2024 paku tancap serta doa moga allah ijabah h anies presiden 20242029 aamiinyra,Positif
kait potensi curang milu timnas aniesmuhaimin 2 kali kpu audit sistem it respons,Negatif
keluarga lucuuu mama pilih bapak pilih prabowo pilih anies keluarga ngasih masingmasing suara paslon,Netral
ak mw traktir dukung anies ucap terimakasih org uda peduli ubah wrwrw insyaallah,Positif
gus imin tps mas anies jaga,Netral
gaboleh pesimis dgn logika pa anies susah menang apa hasil bangga baris ubah,Positif
bismillah anies yaa qadarullah izin yah no ps pokok,Positif
ya allah mimpiin anies,Positif
pilih anies muhaimin presiden ri 2024 amin,Positif
gabung sosok sahabat silent mas amanah rakyat kelak bawa adil amp makmur nihil kkn ridho ilahi manusia langit nilai,Positif
tagih anies janji kampanye tuai pilih rakyat beliau sedia pimpin bertanggungjawab cela,Positif
jdi inget tdi makan nonton desak anies belah milihnya beda wkwkwk,Netral
harap anies menang ga pilih pabila anies kalah,Positif
siaaaaaaap,Positif
mah emang pinter komennya gue liat makan janji manis wkwkwk nama capres ya janji gapunya janji ape tagih liat kerja nyata anies pd maen maen dah sono jkt,Positif
ubah sejahtera rakyat bangsa negara abah anies cak imin harap ubah nyata ayo ajak keluarga tetangga pilih 01 anies baswedan presiden 2024,Positif
insyalloh,Positif
anies klau berkenannnt habis lantik presidend teropong yeorang ngerampok uang rakyat,Netral
setia abah anies tp paling mmg nyata gagal putar bsa option kaya,Netral
payakumbuh,Positif
anies kalah putar pilih 02,Netral
mari menang anies kalah cuss putar ps penting,Netral
kemarin survei media asing nggak capek ya anies udh bikin gue klop antri,Positif
ya syukur aja wo tp pilih gue tetep anies anies kalah,Netral
sungguh pimpin etik hilang legitimasi,Positif
emg maling ngaku teman kau maling duit bazzar ngaku alhamdulillah sadar gk pilih anies anies imam mahdi lg dukung si wowo weeehhhh males dh debat sm bodoh cocok jg sm si wowo sm2 anti kritik,Negatif
temenku 02 kasih fakta paanjaanggg bgt ttg 02 gk pilih anies yauda gapapa pilih 03 aja jgn 02 geeerreem bgttt liat bela2in wowo segitunya awal2 blg si wowo gk masuk akl gk bukti si wowo gk ngaku ya bilang,Netral
anies suara titip harap moga amanah ya,Positif
bismillah ya allah ya tuhan ku tolong jaga menang milu 5 kali milu ga pake hati kayak gin go anies,Positif
otw rumah teriak eh buset anies 90 reflek toleh eitsss ucap doa langsung tinggal bjirrr,Netral
anies toleran damai ragu vote,Positif
mantap emang 01 dukung hti fpi wahabi dukung amrik lu liat fpi nyatu ama amerika wkwkwkwk anies fitnah udah kena beliau moga allah angkat derajat,Positif
testoni bayar untung p anies,Positif
aja nyebar fitnah dukung anies nih puan ngebantah ga jg jkw terang2an media bilang 3 periode,Negatif
strategi anies gagal putar 1 pilih dukung pranowo dukung prabowo subianto,Netral
anies menang rajin ngonten,Positif
cewek pake baju kuning joget anies cantik yak,Netral
untung p anies yuk sia sia sempat emas pilih beliau indonesia sejahtera maju adil adab,Positif
gw anies kalah ya,Negatif
ayo saudara sabang merauke gerak hati peduli keluarga tetangga coblos anies ubah moga anies cak imin lancar presiden wakil presiden indonesia 2024 amin,Positif
pilih nomor rugi dongg pilih anies baik anies kalah ygy,Positif
bismillahanies rasyid baswedan for ri 01,Positif
hati mulia anies mantap dukung anies,Positif
untung aksi jalan dah tangkap duluan anies perilaku dukung wakil sifat orang dukung,Netral
biaya akomodasi inap makan visa dll murah tekan 90 konsep hal tinggal kampung moga alloh swt meridhoi kabul doa umat menang anies muhaimin amin,Positif
ngira si kl abang 01 berakhlaqul karimah kaya anies abang pst nya pilih gibran sesuai dgn tingkah,Positif
anies menang presiden ri raja arab saudi hak pakai tanah diri kampung haji indonesia baca kawasan mukim hotel giat ibadah haji umroh negara arab kuwait qatar emirates dll,Positif
anies wes lahh karep karepmu,Netral
janji raja arab saudi anies baswedan menang pilpres 2o24 anies baswedan menang pilpres presiden indonesia 2o24 ongkos haji onh 10 juta nyata jasa,Positif
polling twitter anies slalu pimpin heran sma survey survey mreka survey dmn ya,Positif
anies menang janji ga bolos2 kelas plis ya allah,Positif
hasut pilih baik aniesmuhaimin no 1,Positif
bilang zionis wkwkw kenceng aja narasi negatif kemaren2 cecer kpk ga bukti apa2 korupsi pilih beliau nama manusia ga sempurna program anies ga jalan ga dapet lampu hijau pusat,Positif
pilih tukang bungkam pers anies aja beliau lapor kuy anies kalah,Positif
fair paslon nomor 03 plg sdkt buruk banding paslon lainyg pilih anies n prabowo bkn mega surya paloh or jokowigunain akal sehat sblm pilih jgn lupa doa dlu biar g slh milihgod bless,Netral
ya allah moga anies masuk putar takut banget,Positif
anies udh 400 lebib taman jkt wkwkwkwk 4 th jabat,Positif
pilih anies,Positif
juang dukung anies berat pahlawan ubah hati bayar,Positif
nonton video anies diroasting jurnalis,Netral
bidikmisi jaman sby ngliat saudara2 ku rempang kampung bayam bener2 butuh pimpin mihak rakyat pilih anies neng dialog,Positif
mas aja bawa video th 2019 anies bilang gamau nyalon prabowo,Netral
bismillah inshaa allah anies baswedanmuhaimin menang mutlak aamiin allahumma aamiin yaa rabb,Positif
bilang orang ternate milih anieskayaknya zainal mohtar cerdas,Positif
presiden wakil presiden insya allah kiri mari coblos anies muhaimin duanana pake peci amp kacamata pliss menang dh buzzer non rp cc,Positif
dukung penuh anies 01 pimpin nya,Positif
selamat pagi kawankawan penjuru tanah air bismillah yoo siap2 tps masingmasing insya allah menang antar its time for change,Positif
lepas apa hasil pilih hormat bangga program desak anies ajar warna barru demokrasi terimakasih amp kampanye kualitas manfaat bangga baris ubah,Positif
anies lamalama kaya wonyoung anjir diem aja disalahin,Netral
harap anies presiden,Netral
semarang malang bandung negeri pilih anies ga ud kerja ambil phd ga ajaib grassroot ga anti jakarta gantung follow aja suka follow ky gitu coba ig okehore,Netral
insyaallah,Positif
kasi dukung 01 cuci otak gak pilih anies dgn dosa pilih anies jamin masuk surga anies imam mahdi malaikat jibril utus anies ya udh knp gk pergi cepet aja si percaya bkl auto masuk surga oops,Negatif
rangkasbitung lebak banten hadir,Positif
hati pilih anies puling sure pay pilih jln ya,Netral
menang allah izin kalah allah selamat h anies rasyid baswedan mpp phd,Positif
lihat video tiktok kampanye anies serta rombong unjung jenguk kyai haji abah hanafi karawang embel2 atribut kampanye,Netral
anies from hybe muhaimin from prabowo from attrakt gibran individual trainee from sm mahfud fro jyp,Netral
ahok bilang cagub dki 2017 framing jkw ahok penjara anies radikal 2 periode,Netral
anugerah allah rakyat indonesia sih kaum hawa lebay banget kultus sosok anies medsos,Netral
jokowi disandingin dg anies ya emg level banget kek pdhl gubernur,Netral
anies baswedan jelang coblos gelora ubah kuat,Positif
anies uda menang tinggal lantik aja01 menang,Positif
bawa anies gubernur dki prabowo,Netral
moga abah anies amanah pimpin bangsa indonesia,Positif
polos kali kau nder harga2 butuh pokok bijak pajak bantu sosial sehat hasil putus politik nder pilih presiden trus presiden keluar bijak atas sampe pilih presiden liat track record anies deh keren,Positif
allah tolong anies,Positif
tagih anies,Netral
lu kaya ga syuting podcast aja si syuting nya sblm tenang upload nya skrg ya lu deddy trs anies kampanye karawang gak lu sindir iki piye sih,Netral
amiinnn negeri dukung anies gk nyoblos,Netral
subang,Positif
aamiin insyaallah anies menang,Positif
amin ubah 2024 anies presiden,Positif
wibu ga milih anies,Netral
cak imin tim menang nasional aniesmuhaimin timnas amin ecek alami wni hak pilih,Netral
aamiin ya rabbal aalamiin kabul ya allah anies baswedan muhaimin iskandar sbg presiden wakil presiden 2024 2029,Positif
serta video amp data anies aku sebut imam mahdi jgn nyerocos aja data ndasmu gobk,Netral
another gem from 2011 program indonesia ajar bangun taman literasi martha christina tiahahu gubernur model kampanye dialog desak anies beliau konsisten ken manusia cerah,Positif
anies vibesnya positif saking positif cak imin bawa positif njir,Positif
nazar pa anies presiden 2024 bagiin makan gratis jumat berkah ga,Positif
pilih anies dikatain goblok ga,Negatif
tos ayeuna mah tibatan parasea gera aribak we minimal sibeungeut atulah isin ku tugas kpps bis aya dahdir jeung cileuhan keun we ek nyoblos anies prabowo ublag kultilanak ge tong didamel pipaseaeun bebaskeun weh nu moal mah gera barobo deui we enak hujan kieu,Netral
anies cak imin menang putar 1 putar,Positif
ha apaansi lu tbtb anies,Netral
anies kalah dgn curang hati hati jaga tps,Negatif
suruh ayah milih prabowo maaf diri coblos anies,Positif
wow gue liat anies marah,Netral
moga allah hancur makar jadi anies muhaimin pimpin,Positif
my dad once said anies menang curang curang beliau allah knows the best bismillah,Positif
dukung garis keras capres anies dulunya dukung garis keras capres prabowo ya prabowo watak culik ga hilang dr bikin rusak dukung capres rusak,Negatif
butuh vidio anies anak anaaaak,Netral
anies baswedanmuhaimin iskandar nyoblos tps jakarta,Netral
ajaib yall adek mak w alih anies keluarga jalan,Positif
sebenernya gue bikin tweet pilih gw langsung aja percaya gw pilih anies 3 gw cermat calon isu lingkung gue bilang anies deliver sbenernya butuh,Positif
14102022 anies temuin demonstran balai kota,Netral
anies menang hati rawan alangkah bahagia menang pilpres,Positif
tanda perintah urus fisik doang awareness masyarakat ga diperhatiin bikin gue bener2 salut ama anies siapin infrastruktur sembari bangun awareness sadar publik transportasi urus,Positif
alhamdulillah allahuakbar malang amin,Positif
anies,Positif
bagong milih karna ajudan ganteng tuh gimana ya kak ya bener sih bahas imam mahdi video anies gereja sanding sound ceramah film 2 jam kalah video 1 menit kabar adzan diteobos alfatihah tahiyat dimainin,Netral
ku mantap pilih anies kalah putar pilih aja,Positif
gw yah anies milih wakil ahy ngangkat 1 ganteng pilih suka ganteng gagah 2 masyarakat rindu era sby 3 ceruk pilih beda dr anies,Netral
yakaannnn pa anies tuh aura nya positif vibe banget yaallah presiden kaya gitu,Positif
foto anies prabowo muda prabowo aktif militer pakaiyan militer nya,Netral
iya udh pd liat curang jdi pd pasrah ae orang anies ngomong kalah jdi presiden nnti bisnis aja kayak udh nyalon 4 kali tpi bilang tdk haus kuasa hmm,Netral
ya robb moga anies presiden,Positif
suka lucu ajh pdhl kacau kuasa jg mreka ko anies disalahin haha dagel emang,Netral
gw milih kak kadam salam ubah abah anies amin no 1 salah abah,Positif
ni juta orang indo alzheimer kali yak citra prabowo 2014 2017 amp 2019 runtuh gemoy amp jokowi anies ga ngapangapain kena framming sampe emang gabener nih pola pikir gws,Negatif
bismillah anies baswedan for president ri,Positif
fakta halusinasi sih anies pdip mang gibran link berita,Netral
moga anies ubah tradisi insyaallah,Positif
anies doang ya bu,Netral
anies kalah gw makan mie ayam 24 jam,Netral
duhh gemesnya anda suruh tonton wawancara nya anies andykick andy yt dosadosa anies saudara pikir nya sihh woeyy omong ji anies adekku video jedak jeduk tektok,Netral
emang lo baca berita2 01 gubernur jkt sih wkwk lo jg orang jkt kali ya ga ngerasain lgsg hasil nih baca aja udh dilakuin anies pas gubernur situ capai gubernur,Positif
gada lbh layak anies lu puja nepotisme batu bet dibilangin,Positif
anies pilih rocky gerung 2022,Netral
salah pilih bangsa kl anies nggak anies kalah putar,Netral
oalah pantes temen kelas gw milih anies gegara fitnah imam mahdi,Netral
dear desak anies d,Netral
ceritane ki lagek orasi neng stadion konsep acarane calon orasi panggung ganti rodok wagu emang sing aneh raono anies neng kono pendukunge raono tanda ng stadion kui mung meh ndelok orasi rak dukung sopo2 gt,Netral
insyaallah 01 menang,Positif
koba bangka bangka belitung keluarga pilih abah sm cak imin bismillah,Positif
anies matta antum murobbi sayatapi politik maaf jejak,Netral
siaap,Positif
bismillahirrahmanirrahim mari sambut menang mari sambut ubah arah insya allah aniesmuhaimin presiden ri 20242029,Positif
yakin hati nurani pilih anies alami kalah dukung pindah aja,Netral
moga abah anies menang aamiin ya rabbal alamin,Positif
bismillahirrahmanirrahim yaa allah mohon kepada kuat hati pikir pilih calon presiden indonesia moga engkau ridho anies rasyid baswedan pimpin negeri jadi bangsa syukur nikmat,Positif
huft menganieskan kerabat ganjar keluarga detikdetik surprisingly ga batu moga konsisten bilik suara diomongin,Netral
tetangga gw anies ngomong doang coba kerja ga gw ga gw senyum aja ngapain nanggepin orang kaya gitu,Netral
ya orang manipulatif kayak soksokan tuntut dukung anies xxx nggak emang calon anies nggak nggak kaget orang kayak pilih prabowo,Negatif
temenku bilang fitnah anjir kenceng banget ngatain aniesganjar rebut gibran nyerang mulu laaaahhh sebenernya bebas deh pilih emang cocok program tuh dukung beneran nutup mata faktafakta jahat pr,Netral
